{
	"ulid": "01DE17P87TKVEBYWWZPHKKRQYX",
	"minTime": 1561226400000,
	"maxTime": 1561248000000,
	"stats": {
		"numSamples": 16870,
		"numSeries": 553,
		"numChunks": 1106,
		"numBytes": 113231
	},
	"compaction": {
		"level": 2,
		"sources": [
			"01DE0PMYBF2TM0PDPEGWR710HV",
			"01DE17P7GZ5B6692VWHSZEXJP4"
		],
		"parents": [
			{
				"ulid": "01DE0PMYBF2TM0PDPEGWR710HV",
				"minTime": 1561226400000,
				"maxTime": 1561233600000
			},
			{
				"ulid": "01DE17P7GZ5B6692VWHSZEXJP4",
				"minTime": 1561240800000,
				"maxTime": 1561248000000
			}
		]
	},
	"version": 1
}
