{
	"ulid": "01DDQ1PAFJA6T7XMXRWJA3HRBT",
	"minTime": 1560844800000,
	"maxTime": 1560902400000,
	"stats": {
		"numSamples": 14508,
		"numSeries": 8,
		"numChunks": 136,
		"numBytes": 60095
	},
	"compaction": {
		"level": 3,
		"sources": [
			"01DDN53P2EB3N9RH6B4M4M35Y3",
			"01DDNCCWDWQWXGMKD0VHWREPVM",
			"01DDNXNDBS4BTN0EVC4HEZ725V",
			"01DDNXNDFD87F99HH0JXR1DQF2",
			"01DDPBDPVRNBF9MFC6NHX772C3",
			"01DDPMG8TQ20CFBJ0Y9FYZCXVW"
		],
		"parents": [
			{
				"ulid": "01DDNXNDKNKT4FVV3F66JR2J23",
				"minTime": 1560844800000,
				"maxTime": 1560859200000
			},
			{
				"ulid": "01DDPMG8YX36QDVVJWN1K7DHNK",
				"minTime": 1560859200000,
				"maxTime": 1560873600000
			},
			{
				"ulid": "01DDPTTJAGTWW394NMAE67PYYB",
				"minTime": 1560880800000,
				"maxTime": 1560902400000
			}
		]
	},
	"version": 1
}
