{
	"ulid": "01DE0PMYTEGAFBA2PGAD436ABE",
	"minTime": 1561161600000,
	"maxTime": 1561226400000,
	"stats": {
		"numSamples": 3024906,
		"numSeries": 553,
		"numChunks": 24885,
		"numBytes": 6430308
	},
	"compaction": {
		"level": 3,
		"sources": [
			"01DDYVMHY7SSVG6FXKXP2TTHVG",
			"01DDYVMJ1SP5QNDF9PKT7S5VPW",
			"01DDZ0JG5BZCNSSESMNRY4DCW2",
			"01DDZA6STWTPMC3DXXKYY65K19",
			"01DDZFGF4DKFW28M3PSWMZ8T8S",
			"01DDZR4RWQQ2H1KATCHMN3THAR",
			"01DE042QG1WXQAES9QAPZF012A",
			"01DE042QVW0D72RHAHN07THMFJ",
			"01DE0A92H8D0WQBE4BZKFD3R9Z"
		],
		"parents": [
			{
				"ulid": "01DDZA6SZ4SYNJ9AHKQCBBPK6Y",
				"minTime": 1561161600000,
				"maxTime": 1561183200000
			},
			{
				"ulid": "01DE042R1KA3NNHY2DX2V6ZJHY",
				"minTime": 1561183200000,
				"maxTime": 1561204800000
			},
			{
				"ulid": "01DE0PMYKK169XNQRBNN0Q99HZ",
				"minTime": 1561204800000,
				"maxTime": 1561226400000
			}
		]
	},
	"version": 1
}
