{
	"ulid": "01DDSD78ZEH01YXKKZ0YKB75SH",
	"minTime": 1560902400000,
	"maxTime": 1560967200000,
	"stats": {
		"numSamples": 1996119,
		"numSeries": 537,
		"numChunks": 18506,
		"numBytes": 4414902
	},
	"compaction": {
		"level": 3,
		"sources": [
			"01DDPTTJ75J2KGQ8SKP44XMWHG",
			"01DDQ1P952KZY54F7T6F26NWE8",
			"01DDQ8HZM1046CCT5ZCJQEPG2T",
			"01DDQPRBMJDG3XHTFQZANMHTK4",
			"01DDQYMWFRVMFJMHDP38VDGSXB",
			"01DDR94KQTAFCC248NJPZRA1WV",
			"01DDS86F875YYXN2T2343P17DC"
		],
		"parents": [
			{
				"ulid": "01DDQPRC5FWFNM3G6VTNDPZTNF",
				"minTime": 1560902400000,
				"maxTime": 1560924000000
			},
			{
				"ulid": "01DDS86FHW61WJCZKCH7PYBECN",
				"minTime": 1560931200000,
				"maxTime": 1560945600000
			},
			{
				"ulid": "01DDSD78TM4EKFKXTY0H3H5EES",
				"minTime": 1560945600000,
				"maxTime": 1560967200000
			}
		]
	},
	"version": 1
}
