{
	"ulid": "01DDNCCWKWCE5E8W9BZMYXW74C",
	"minTime": 1560772800000,
	"maxTime": 1560816000000,
	"stats": {
		"numSamples": 684,
		"numSeries": 8,
		"numChunks": 48,
		"numBytes": 5197
	},
	"compaction": {
		"level": 3,
		"sources": [
			"01DDJZWHFZZH6MY7R43W8SB76Z",
			"01DDK8EDBNW4SFE3KRZRMJBCHH",
			"01DDKEMM71TS3V3HWNMH4RGFEN",
			"01DDKP78JAQE11BE91762FECBA",
			"01DDMY6VQQWZXNDJ8QVNERH5MY",
			"01DDMY6WSN694WQV4HS5F78A39"
		],
		"parents": [
			{
				"ulid": "01DDKP79919N9ZAJ744P6JF0RZ",
				"minTime": 1560772800000,
				"maxTime": 1560794400000
			},
			{
				"ulid": "01DDN53QGXDKWSKJR5NXS9MGST",
				"minTime": 1560794400000,
				"maxTime": 1560816000000
			}
		]
	},
	"version": 1
}
