{
	"ulid": "01DDJZWJ17YEB4QYXVZH7T8SRV",
	"minTime": 1560751200000,
	"maxTime": 1560772800000,
	"stats": {
		"numSamples": 10532,
		"numSeries": 324,
		"numChunks": 348,
		"numBytes": 66778
	},
	"compaction": {
		"level": 2,
		"sources": [
			"01DDJGZRMBT9THSQPE82VGZ73P",
			"01DDJS0JSD0GSA24RTWHJ4P1VS"
		],
		"parents": [
			{
				"ulid": "01DDJGZRMBT9THSQPE82VGZ73P",
				"minTime": 1560751200000,
				"maxTime": 1560758400000
			},
			{
				"ulid": "01DDJS0JSD0GSA24RTWHJ4P1VS",
				"minTime": 1560765600000,
				"maxTime": 1560772800000
			}
		]
	},
	"version": 1
}
