{
	"ulid": "01DDV0P1CR147JZFTFPJYRY5ET",
	"minTime": 1560988800000,
	"maxTime": 1561032000000,
	"stats": {
		"numSamples": 1461714,
		"numSeries": 537,
		"numChunks": 11277,
		"numBytes": 3120629
	},
	"compaction": {
		"level": 3,
		"sources": [
			"01DDSD78Q1FQ4ZFHSZPPQ6AB8Z",
			"01DDSM2ZR7WPGF54EB4JYK68ZP",
			"01DDSVDK8YRGRYDWEHA1MR9YZ3",
			"01DDT1TDN3VVE4BWDJQ2NAZK5V",
			"01DDTGAQR75PZQB8AA7G14RG5G",
			"01DDTGAQXEQNPFATGZSFY82K3P"
		],
		"parents": [
			{
				"ulid": "01DDT1TDRVY0PBBRD2HVJR4CR6",
				"minTime": 1560988800000,
				"maxTime": 1561010400000
			},
			{
				"ulid": "01DDTQCP3PGRMACJPPPTYJEM28",
				"minTime": 1561010400000,
				"maxTime": 1561032000000
			}
		]
	},
	"version": 1
}
