{
	"ulid": "01DDWQXDXW187186SS05CT17FY",
	"minTime": 1561032000000,
	"maxTime": 1561096800000,
	"stats": {
		"numSamples": 2805848,
		"numSeries": 537,
		"numChunks": 25776,
		"numBytes": 5954454
	},
	"compaction": {
		"level": 3,
		"sources": [
			"01DDTQCNZ7F9PHJA34T1QT5REM",
			"01DDV0P1140CSS4XGZXQ5PTJHK",
			"01DDVAYYN7J5W03T71W9TC8T08",
			"01DDVH57RCPX8QCXFR4JY8GDTK",
			"01DDVR8ZX0ME9W2RQSE3ZDAW1B",
			"01DDVRS823TATR35RG5S2ZDVAB",
			"01DDVZKZ3S3R3YTJ838VG9RTJA",
			"01DDW6FPPF8CSZBVAEJJHXGXVP",
			"01DDWDEKCVP1AKH4HVE4AS1MT2"
		],
		"parents": [
			{
				"ulid": "01DDVH582KGTYC7RDMRQ2J2G01",
				"minTime": 1561032000000,
				"maxTime": 1561053600000
			},
			{
				"ulid": "01DDVZKZBWTB74FAR9KKER4EPW",
				"minTime": 1561053600000,
				"maxTime": 1561075200000
			},
			{
				"ulid": "01DDWQXDFGJGPG1RA3V208R2VR",
				"minTime": 1561075200000,
				"maxTime": 1561096800000
			}
		]
	},
	"version": 1
}
