{
	"ulid": "01DDYVMJCPJ9WRW8ZRD5K1S0GJ",
	"minTime": 1561096800000,
	"maxTime": 1561132800000,
	"stats": {
		"numSamples": 3520323,
		"numSeries": 553,
		"numChunks": 29839,
		"numBytes": 7438756
	},
	"compaction": {
		"level": 3,
		"sources": [
			"01DDWQXD97KX704EJ6H8E4581Y",
			"01DDWV3P8XFNNPD9PYF709ZDCP",
			"01DDX74KTRY6BWP9VY3PWGRH78",
			"01DDY8Q45F0SH4VF1HTJMQN7NX",
			"01DDY8Q4FKHVZ6T8WF28BRA780"
		],
		"parents": [
			{
				"ulid": "01DDY8Q53ARPW3T93M12AA0MKM",
				"minTime": 1561096800000,
				"maxTime": 1561118400000
			},
			{
				"ulid": "01DDYVMJ6Y4HPRW44Z0FC3GMCP",
				"minTime": 1561118400000,
				"maxTime": 1561132800000
			}
		]
	},
	"version": 1
}
